<?xml version="1.0" encoding="UTF-8"?>

<beans xmlns="http://www.springframework.org/schema/beans"
	xmlns:xsi="http://www.w3.org/2001/XMLSchema-instance"
	xmlns:context="http://www.springframework.org/schema/context"
	xmlns:mvc="http://www.springframework.org/schema/mvc"
	xmlns:p="http://www.springframework.org/schema/p"
	xmlns:task="http://www.springframework.org/schema/task"
	xsi:schemaLocation="http://www.springframework.org/schema/beans http://www.springframework.org/schema/beans/spring-beans.xsd
		http://www.springframework.org/schema/context http://www.springframework.org/schema/context/spring-context-4.0.xsd
		http://www.springframework.org/schema/mvc http://www.springframework.org/schema/mvc/spring-mvc-4.0.xsd
		http://www.springframework.org/schema/task
		http://www.springframework.org/schema/task/spring-task-4.0.xsd">
		
	<context:annotation-config/>
	<context:component-scan base-package="com.cap"/>
	<mvc:annotation-driven/>
	<mvc:default-servlet-handler />
	<task:annotation-driven/>
	 <bean id="viewResolver1" class="org.springframework.web.servlet.view.ResourceBundleViewResolver">
        <property name="order" value="1"/>
        <property name="basename" value="views"/>
    </bean>
	
	<!-- view resolver -->
	<!-- <bean id="demoScheduler" class="com.cap.controller.HomeController" /> -->
 
    <!-- <task:scheduled-tasks>
        <task:scheduled ref="demoScheduler" method="scheduledTask" cron="*/5 * * * * ?"></task:scheduled>
    </task:scheduled-tasks> -->
    	<import resource="classpath*:spring-security.xml"/>
	<bean id="viewResolver"
		class="org.springframework.web.servlet.view.InternalResourceViewResolver"
		p:prefix="/WEB-INF/jsp/" p:suffix=".jsp"
		p:viewClass="org.springframework.web.servlet.view.JstlView" />
		
	<!-- path for hibernate config file -->
	<import resource="classpath:/hibernate-persistence.xml"/>
	<bean id="multipartResolver" class="org.springframework.web.multipart.commons.CommonsMultipartResolver">
 		<property name="maxUploadSize" value="268435456"/>
	</bean>
	<mvc:resources location="/" mapping="/**"/>
	<mvc:resources location="/static/images/" mapping="/images/**"/>
	<mvc:resources location="/static/js/" mapping="/js/**"/>
	<mvc:resources location="/static/css/" mapping="/css/**"/>

</beans>		