<beans:beans xmlns="http://www.springframework.org/schema/security"
	xmlns:beans="http://www.springframework.org/schema/beans" 
	xmlns:context="http://www.springframework.org/schema/context"
	xmlns:xsi="http://www.w3.org/2001/XMLSchema-instance"
	xsi:schemaLocation="http://www.springframework.org/schema/beans
	http://www.springframework.org/schema/beans/spring-beans-4.0.xsd
	http://www.springframework.org/schema/security
	http://www.springframework.org/schema/security/spring-security-4.0.xsd">


<http auto-config="true">
		<intercept-url pattern="/AD**" access="hasRole('ROLE_ADMIN')" />
		<intercept-url pattern="/AdminDashboard**" access="hasRole('ROLE_ADMIN')" />
		<intercept-url pattern="/AddQue**" access="hasRole('ROLE_ADMIN')" />
		<form-login 
		    login-page="/login" 
		    default-target-url="/AdminDashboard"
			authentication-failure-url="/login?error" 
			username-parameter="username"
			password-parameter="password" 
			login-processing-url="/login" 
			authentication-success-handler-ref="customSuccessHandler"
			always-use-default-target="true"/>
		<logout logout-success-url="/login?logout" logout-url="/j_spring_security_logout"/>
		<csrf disabled="true" />
	</http>

	<authentication-manager>
		<authentication-provider user-service-ref="myUserDetailsService" >
			<password-encoder hash="plaintext" />
		</authentication-provider>
	</authentication-manager>
	
	<authentication-manager>
	  <authentication-provider>
	    <user-service>
		<user name="admin" password="admin" authorities="ROLE_ADMIN" />
	    </user-service>
	  </authentication-provider>
	</authentication-manager>

 
  <beans:bean id="customSuccessHandler" class="com.cap.controller.customSuccessHandler"/>
</beans:beans>