<?xml version="1.0" encoding="UTF-8"?>
<!DOCTYPE hibernate-mapping PUBLIC "-//Hibernate/Hibernate Mapping DTD 3.0//EN"
	"http://hibernate.org/dtd/hibernate-mapping-3.0.dtd">
	
<hibernate-mapping>
	
		<!-- For native quries use this type -->
		<sql-query name="HQL_UPDATE_MARKS_BY_USER_ID">
			<![CDATA[UPDATE user_answer INNER JOIN question_answer  on user_answer.user_answer = question_answer.correct_answer and user_answer.question_id = question_answer.question_id INNER JOIN question on question_answer.question_id = question.question_id SET user_answer.mark_scored = question.mark WHERE user_answer.userId = :userId and user_answer.questionpaper_id = :questionPaperId]]>
		</sql-query>
		
		<sql-query name="HQL_SET_TOTAL_SCORE_BY_USER_ID">
			<![CDATA[insert into assessment(questionpaper_id,user_id,score) values (:questionpaper_id , :user_id, (select sum(user_answer.mark_scored) from user_answer where user_answer.questionpaper_id = :questionpaper_id1))]]>
		</sql-query>
		
		<sql-query name="HQL_GET_SUM_USERMARKS_BY_USERID">
			<![CDATA[select sum(user_answer.mark_scored) from user_answer where user_answer.questionpaper_id= :QpaperId and userId = :userId))]]>
		</sql-query>
		
		<sql-query name="HQL_GET_MARKS_OG_QP_BY_QPID">
			<![CDATA[select sum(question.mark) from question inner join question_qpaper_map on question_qpaper_map.question_id = question.question_id where question_qpaper_map.questionpaper_id = :QpaperId]]>
		</sql-query>
		
		<query name="GET_USER_BY_USERNAME">
			<![CDATA[from User where user_id = :uname]]>
		</query>
		<!-- For HQL type queries use this type -->
		<!-- <query name="QueryName">
			<![CDATA[from TableName s where s.column = :value]]>
		</query> -->
</hibernate-mapping>